Как найти хорошую работу в сфере IT?,https://techrocks.ru/2018/06/18/how-to-find-dream-job/
"11 книжных бестселлеров, где главные герои — программисты",https://techrocks.ru/2018/06/18/bestseller-books-about-programmers/
10 каналов с лучшими видео по веб-разработке на YouTube,https://techrocks.ru/2018/06/17/best-web-development-youtube-channels/
Как перейти из разработчиков в менеджеры?,https://techrocks.ru/2018/06/17/transitioning-from-engineer-to-engineering-manager/
5 столпов изучения программирования,https://techrocks.ru/2018/06/16/5-pillars-of-learning-programming/
"Что нужно знать, чтобы стать фронтенд-разработчиком в 2018",https://techrocks.ru/2018/06/14/how-to-become-a-front-end-developer-in-2018/
Полная инструкция по достижению сосредоточенности,https://techrocks.ru/2018/06/12/how-to-improve-focus-and-concentration/
Подборка идей для программирования,https://techrocks.ru/2018/06/12/programming-ideas-list/
ТОП-20 полезных материалов по Java за июнь 2018,https://techrocks.ru/2018/06/11/top-20-useful-materials-on-java-in-2018/
Десять полезных ресурсов и книг по Python,https://techrocks.ru/2018/06/10/essential-resources-for-intermediate-python-programmers/
Учебный план освоения глубокого обучения и нейросетей за 6 недель,https://techrocks.ru/2018/06/10/learn-deep-learning-in-6-weeks/
Как увеличить ваши шансы на получение должности разработчика,https://techrocks.ru/2018/06/09/increasing-your-chances-to-get-a-developer-job/
Разбираемся в тайтлах: кодер – программист – разработчик – инженер,https://techrocks.ru/2018/06/07/understanding-the-titles-in-software-development/
"30 ресурсов по безопасности, которые точно пригодятся",https://techrocks.ru/2018/06/06/secure-code-resources/
88 способов стать лучшим фронтенд и бекенд разработчиком,https://techrocks.ru/2018/06/06/88-ways-to-become-better-end-to-end-software-developer/
Как стать программистом после 30: руководство к действию,https://techrocks.ru/2018/06/04/how-to-become-a-programmer-in-your-30/
"Что читать, чтобы открыть IT-стартап",https://techrocks.ru/2018/06/04/reading-for-startuppers/
ТОП-20 инструментов и материалов по веб-разработке,https://techrocks.ru/2018/06/03/web-development-materials-and-instruments/
Как перехитрить интервьюера на техническом собеседовании,https://techrocks.ru/2018/06/03/how-to-outsmart-your-technical-job-interviewer/
"15 новых бизнес-книг, которые стоит почитать этим летом",https://techrocks.ru/2018/06/02/best-business-books-summer/
5 книг для начинающих разработчиков Objective-C,https://techrocks.ru/2018/06/02/5-books-on-objective-c-for-novices/
Приемы работы с Google Doc для повышения продуктивности,https://techrocks.ru/2018/05/31/google-doc-hacks/
"«И швец, и жнец» или как стать DevOps engineer",https://techrocks.ru/2018/05/30/who-is-a-devops-engineer/
Математика: от ненависти к любви,https://techrocks.ru/2018/05/30/math-from-hate-to-love/
ТОП-20 полезных материалов по JavaScript за май 2018,https://techrocks.ru/2018/05/29/top-20-useful-javascript-materials/
Что такое API? Простое объяснение для начинающих,https://techrocks.ru/2018/05/29/api-simple-explanation/
Как найти время на учебу,https://techrocks.ru/2018/05/28/how-to-find-time-to-learn/
Как предугадать будущее и создать востребованный продукт: 4 простых шага,https://techrocks.ru/2018/05/27/how-to-launch-a-product-people-actually-want/
Почему люди терпят неудачу при изучении языков программирования и как этого избежать,https://techrocks.ru/2018/05/27/why-people-fail-at-learning-to-code/
"Летнее чтиво: 5 книг от Билла Гейтса, которые отвечают на большие вопросы",https://techrocks.ru/2018/05/26/summer-reading-form-bill-gates/
6 этапов технического собеседования – и работа в кармане,https://techrocks.ru/2018/05/25/6-steps-of-tech-interview/
"Привет, Go!",https://techrocks.ru/2018/05/24/hello-go/
"11 книг, которые советует прочитать Илон Маск",https://techrocks.ru/2018/05/22/books-elon-musk-thinks-everyone-should-read/
Кто такой DevOps и как им стать: план обучения,https://techrocks.ru/2018/05/21/how-to-become-devops-learning-plan/
Как успешно нанимать старших разработчиков,https://techrocks.ru/2018/05/19/hiring-senior-developers/
Советы по прохождению собеседований,https://techrocks.ru/2018/05/18/interview-tips-that-will-give-you-confidence/
Как программирование помогает в решении реальных задач,https://techrocks.ru/2018/05/17/programming-helps-solving-real-world-problem/
Создание сообщества разработчиков,https://techrocks.ru/2018/05/16/building-a-developer-community/
Где JavaScript джуну получать тестовые задания для практики?,https://techrocks.ru/2018/05/16/javascript-tasks-for-juniors/
"Зачем нужен план ухода на пенсию, даже если вы не собираетесь уходить",https://techrocks.ru/2018/05/16/retirement-and-succession-plan/
"Полезно для здоровья и карьеры. 8 ресурсов, которые помогут изучить алгоритмы",https://techrocks.ru/2018/05/15/8-algorithms-learning-resources/
Логические и математические задачи с собеседований,https://techrocks.ru/2018/05/14/logical-tasks-from-interview/
Лучший способ научиться программировать,https://techrocks.ru/2018/05/14/the-best-way-to-learn-coding/
Как объяснить функциональное программирование 6-летнему ребёнку?,https://techrocks.ru/2018/05/12/conversations-with-a-kid-on-functional-programming/
"Расслабьтесь, это всего лишь код",https://techrocks.ru/2018/05/12/relax-it-is-just-code/
Как работать на полную ставку и вести собственный проект: советы разработчику,https://techrocks.ru/2018/05/11/maintaining-a-side-project/
"Детальный план самообразования в Computer Science за 1,5 года",https://techrocks.ru/2018/05/10/computer-science-self-education-plan/
Как я перестал беспокоиться и полюбил JavaScript. Часть 2,https://techrocks.ru/2018/05/07/how-i-learned-to-love-js-ecosystem-2/
Присвоение имён: руководство для программиста,https://techrocks.ru/2018/05/06/how-to-name-things/
Советы опытного разработчика новичкам,https://techrocks.ru/2018/05/06/experienced-developer-advice/
Изучаете веб-разработку? Эти навыки позволят вам выделиться,https://techrocks.ru/2018/05/05/skills-will-make-you-stand-out/
Проджект-менеджер: подготовка к собеседованию,https://techrocks.ru/2018/05/04/project-management-interview-questions/
Этичный хакинг: ТОП-20 лучших сайтов для практики,https://techrocks.ru/2018/05/03/sites-to-legally-practice-hacking-skills/
Хочешь быть топовым разработчиком? Создавай что-нибудь!,https://techrocks.ru/2018/05/03/things-to-build-ideas-list/
Как я перестал беспокоиться и полюбил JavaScript,https://techrocks.ru/2018/05/02/how-i-learned-to-love-js-ecosystem/
Как отследить IP-адрес?,https://techrocks.ru/2018/05/02/how-to-find-the-ip-address/
И да пребудет с тобой сила: как юному падавану правильно стажироваться в IT,https://techrocks.ru/2018/04/30/period-of-trainee-in-it/
Моя шпаргалка с регулярными выражениями,https://techrocks.ru/2018/04/30/example-regex-rules-cheatsheet/
Как я научился программировать,https://techrocks.ru/2018/04/29/way-how-to-learn-programming/
Backend для Frontend-разработчика и наоборот: осваиваем новое,https://techrocks.ru/2018/04/29/backend-for-frontend-devs-and-otherwise/
Javascript и функциональное программирование. Чистые функции,https://techrocks.ru/2018/04/27/javascript-pure-functions/
"Способы применения технологии блокчейна, о которых стоит знать",https://techrocks.ru/2018/04/26/blockchain-technology-use-cases/
Как выбраться из теоретика и стать практиком?,https://techrocks.ru/2018/04/26/how-to-become-a-practitioner-from-a-theorist/
Лучшие материалы и инструменты для Front-end разработчика,https://techrocks.ru/2018/04/24/best-front-end-materials-tools/
Javascript и функциональное программирование: полноправные функции,https://techrocks.ru/2018/04/24/javascript-fp-first-class-functions/
10 распространенных ошибок в JavaScript,https://techrocks.ru/2018/04/24/10-common-errors-in-javascript/
Как стать техническим писателем,https://techrocks.ru/2018/04/23/becoming-a-technical-writer/
Javascript и функциональное программирование: Введение,https://techrocks.ru/2018/04/22/javascript-and-functional-programming/
Топ-10 расширений Visual Studio Code для разработки на Python,https://techrocks.ru/2018/04/21/vscode-extensions-for-python-development/
"10 книг, рекомендуемых для изучения JavaScript",https://techrocks.ru/2018/04/20/10-recommended-javascript-books/
7 смертных грехов программиста: анализируем и устраняем,https://techrocks.ru/2018/04/20/programmers-mortal-sins/
Как получить работу в IT-сфере без опыта работы?,https://techrocks.ru/2018/04/18/how-to-get-job-in-it-without-experience/
Как выбрать редактор кода для JavaScript,https://techrocks.ru/2018/04/18/code-editor-for-javascript/
"Полезные JavaScript-модули, на которые стоит обратить внимание",https://techrocks.ru/2018/04/17/javascript-modules-worth-using%ef%bb%bf/
Как согласовать собеседования в разных компаниях,https://techrocks.ru/2018/04/17/how-to-accommodate-several-onterviews/
Как обойти блокировку Telegram,https://techrocks.ru/2018/04/17/how-to-unblock-telegram/
5 способов быстрее научиться программировать,https://techrocks.ru/2018/04/15/5-ways-to-learn-programming-faster/
Думать как программист: уроки решения проблем,https://techrocks.ru/2018/04/15/problem-solving-lessons/
SQL за 20 минут,https://techrocks.ru/2018/04/14/sql-in-20-minutes/
Правила NASA для написания программного обеспечения,https://techrocks.ru/2018/04/14/nasa-rules-for-coding/
Готовимся к собеседованию на позицию разработчика,https://techrocks.ru/2018/04/13/interview-for-developer-position/
От новичка до профи в блокчейн-технологиях за 2 месяца,https://techrocks.ru/2018/04/12/blockchain-technology-from-newbie-to-pro/
Хороший сторонний проект: каков он?,https://techrocks.ru/2018/04/10/good-side-development-project/
3 лучших книги по архитектуре программного обеспечения,https://techrocks.ru/2018/04/08/3-best-software-architecture-books/
План изучения нового языка программирования,https://techrocks.ru/2018/04/08/new-language-learning-plan/
Зачем разработчикам переходить на JavaScript,https://techrocks.ru/2018/04/07/why-move-to-javascript/
"5 особенностей языка Java, о которых вы должны знать",https://techrocks.ru/2018/04/05/5-java-feature-you-should-know/
"Книги, которые должен прочесть каждый разработчик-джуниор",https://techrocks.ru/2018/04/04/most-important-books-for-juniors-devs/
"Несекретная формула того, как сделать свой код лучше",https://techrocks.ru/2018/04/04/non-secret-formula-for-writing-better-code/
"6 рекомендаций, как стать сеньором",https://techrocks.ru/2018/04/03/6-tips-how-to-become-a-senior/
«Многим вешают лапшу на уши». Реально ли устроиться программистом после окончания курсов?,https://techrocks.ru/2018/04/02/can-you-get-programming-job-after-courses/
Анатомия успешного тимлида: статистика и советы,https://techrocks.ru/2018/04/02/successful-teamlead-statistics-tips/
10 способов стать лучшим программистом,https://techrocks.ru/2018/04/02/10-ways-to-become-a-better-developer/
Я — посредственный разработчик (как с этим справиться),https://techrocks.ru/2018/04/01/mediocre-developer-how-to-overcome-this/
"5 доводов, которые убедят вашу жену отпустить вас на IT-конференцию",https://techrocks.ru/2018/04/01/5-things-to-say-to-convince-your-wife-to-let-you-go-to-an-it-conference/
"Бесплатные онлайн-игры, которые обучат вас программировать",https://techrocks.ru/2018/03/31/free-online-games-to-learn-programming/
Блог разработчика: зачем он нужен и как его продвигать,https://techrocks.ru/2018/03/30/blogging-as-a-developer/
"Советы из книги, которую должен прочесть каждый программист",https://techrocks.ru/2018/03/29/tips-from-the-book-every-programmer-should-read/
Руководство по SQL: Как лучше писать запросы,https://techrocks.ru/2018/03/27/how-to-write-better-sql-queries/
Я разрабатываю программы и больше не гуглю,https://techrocks.ru/2018/03/27/develop-software-and-do-not-google/
Самые действенные способы получить удаленную работу,https://techrocks.ru/2018/03/26/tips-to-help-you-get-a-remote-job/
"«Нужно учиться всю жизнь». Сколько понадобится времени, чтобы стать программистом?",https://techrocks.ru/2018/03/25/how-much-does-it-take-to-become-a-programmer/
"Учимся программировать: 13 советов, которые сохранят ваше время",https://techrocks.ru/2018/03/25/learn-to-code-13-tips/
Просто о важном: в чём особенность квантовых вычислений,https://techrocks.ru/2018/03/24/understanding-quantum-computers/
Руководство по вэб-скрепингу на Python: приёмы и хитрости,https://techrocks.ru/2018/03/22/web-scraping-python-tutorial/
Как написать отличное резюме инженера ПО,https://techrocks.ru/2018/03/22/how-to-write-a-great-resume/
Что читать программисту и зачем это нужно,https://techrocks.ru/2018/03/20/what-should-programmers-read-and-why/
Как осваивать новые языки программирования или фреймворки,https://techrocks.ru/2018/03/17/how-to-learn-new-programming-languages-and-frameworks/
Руководство по выживанию для разработчика-джуниора: Как говорить о коде,https://techrocks.ru/2018/03/16/how-to-communicate-about-code/
"4 книги, благодаря которым можно стать лучшим программистом",https://techrocks.ru/2018/03/15/4-books-to-make-you-a-better-programmer/
Блокчейн и путешествие по новой архитектуре Интернет,https://techrocks.ru/2018/03/13/blockchain-and-journey-to-the-new-internet-architecture/
"Как добиться прогресса, готовясь к интервью по программированию",https://techrocks.ru/2018/03/12/how-to-make-progress-in-coding-interviews/
Как разобраться в Computer Science самостоятельно,https://techrocks.ru/2018/03/12/computer-science-self-learning/
Технические собеседования: советы девяти девушек из мира IT,https://techrocks.ru/2018/03/11/tech-interview-tips-from-tech-girls/
Детальный список инструментов для JavaScript,https://techrocks.ru/2018/03/08/javascript-tools-detailed-list/
"12 трендов веб-дизайна, которые могут испортить ваш сайт",https://techrocks.ru/2018/03/07/12-web-design-tendencies-that-can-ruin-your-site/
Как стать фронтенд-разработчиком за 5 месяцев,https://techrocks.ru/2018/03/07/how-one-can-become-a-front-end-developer/
Тренируй свои мозги или ТОП-15 логических задач,https://techrocks.ru/2018/03/06/logical-tasks-for-brain-training/
Преимущества самообразования в программировании,https://techrocks.ru/2018/03/05/advantages-of-being-self-taught/
9 ударов: как сразить работодателя наповал и получить работу своей мечты,https://techrocks.ru/2018/03/04/9-tips-to-slay-your-technical-interview/
Советы по составлению резюме и откликам на вакансии,https://techrocks.ru/2018/03/04/resume-and-applying-to-jobs-tips/
Собеседование: 8 самых распространенных ошибок программистов,https://techrocks.ru/2018/03/03/8-most-common-mistakes-programmers-make/
Руководство для прохождения интервью по фронтенду,https://techrocks.ru/2018/03/03/front-end-interview-tutorial/
Изучать как минимум один новый язык ежегодно – плохой совет,https://techrocks.ru/2018/03/01/whether-you-should-learn-new-languages/
Практические советы начинающим программистам,https://techrocks.ru/2018/02/28/practical-advice-for-beginning-programmers/
Составляем идеальное портфолио программиста,https://techrocks.ru/2018/02/27/ideal-programmers-portfolio/
Как писать код каждый день на протяжении года,https://techrocks.ru/2018/02/24/how-to-write-code-every-day/
Как участвовать в open source проектах,https://techrocks.ru/2018/02/23/taking-part-in-open-source-projects/
7 главных шагов для получения первой работы инженера,https://techrocks.ru/2018/02/23/key-steps-to-getting-software-engineering-job/
Волшебная формула улучшения навыков программирования,https://techrocks.ru/2018/02/22/programming-skills-improving/
Изучаем технологии: ищите информацию правильно,https://techrocks.ru/2018/02/21/tech-learning-look-for-the-information-properly/
6 бесплатных книг по алгоритмам в программировании,https://techrocks.ru/2018/02/21/6-free-books-on-algorithms/
"Жаль, что я не знал об этих инструментах, когда начинал программировать",https://techrocks.ru/2018/02/21/tools-making-programming-easier/
Почему так много разработчиков сбегают еще до получения работы,https://techrocks.ru/2018/02/20/why-so-many-developers-quit/
Подборка хороших книг для программистов,https://techrocks.ru/2018/02/19/good-book-collection-for-programmers/
Введение в фронтенд и бэкенд – основы веб-разработки,https://techrocks.ru/2018/02/18/web-development-fundamentals/
"15 советов для работы на Mac, которые облегчают жизнь",https://techrocks.ru/2018/02/17/work-on-mac-tips/
Как сохранить ваш JavaScript-код простым и повысить его читабельность,https://techrocks.ru/2018/02/16/simple-readable-javascript-code/
"10 мобильных приложений, которые научат вас программировать",https://techrocks.ru/2018/02/16/mobile-apps-for-code-learning/
Какой *** язык программирования использовать для обработки больших данных?,https://techrocks.ru/2018/02/15/big-data-programming-languages/
Мессенджер Telegram: советы и секреты,https://techrocks.ru/2018/02/15/telegram-messenger-tips/
Обязателен ли английский язык для разработчика?,https://techrocks.ru/2018/02/13/is-english-required-for-the-developer/
"Борьба за качество кода: 5 идей, которыми стоит воспользоваться",https://techrocks.ru/2018/02/13/5-ideas-for-code-quality/
40 идей сторонних проектов для программных инженеров,https://techrocks.ru/2018/02/12/side-project-ideas-for-software-engineers/
"Зачем изучать язык С, если есть более современные варианты?",https://techrocks.ru/2018/02/09/why-should-you-learn-c/
Программирование на Python: от новичка до профессионала,https://techrocks.ru/2018/02/08/python-programming-from-novice-to-professional/
Как самостоятельно изучить React Native,https://techrocks.ru/2018/02/08/react-native-learning/
5 мощных проектов по машинному обучению для начинающих,https://techrocks.ru/2018/02/07/machine-learning-projects/
"35 вопросов о программировании, на которые вы должны знать ответ",https://techrocks.ru/2018/02/06/35-questions-on-programming-you-should-know/
В чем разница между UI и UX дизайном?,https://techrocks.ru/2018/02/05/ui-and-ux-design/
Что должно быть в арсенале разработчика?,https://techrocks.ru/2018/02/04/coders-toolbox/
"7 «must read» книг по программированию, которые стоит прочесть",https://techrocks.ru/2018/02/03/7-must-read-programming-books/
JavaScript в 2018 году: что изучать?,https://techrocks.ru/2018/02/01/javascript-2018-what-to-learn/
7 бесплатных ресурсов для онлайн-обучения программированию,https://techrocks.ru/2018/01/30/free-online-learning-resources-for-programmers/
"6 фреймворков веб-разработки, которые будут в тренде в 2018",https://techrocks.ru/2018/01/30/trend-web-development-frameworks-for-2018/
UI/UX дизайнер: как войти в профессию,https://techrocks.ru/2018/01/28/ui-ux-designer/
Почему CSS Grid лучше Bootstrap для создания макетов,https://techrocks.ru/2018/01/26/css-grid-vs-bootstrap/
Как сделать свой код чистым и красивым,https://techrocks.ru/2018/01/25/how-to-make-your-code-clean-and-beautiful/
10 способов научиться программировать самостоятельно,https://techrocks.ru/2018/01/24/10-ways-self-learn-programming/
"11 библиотек (наборов компонентов) для React, о которых стоит знать в 2018-м",https://techrocks.ru/2018/01/22/11-react-libraries-to-know/
"Знания — деньги будущего. Учитесь их зарабатывать, накапливать и инвестировать!",https://techrocks.ru/2018/01/22/knowledge-time-money/
Объяснение HTTPS на примере почтовых голубей,https://techrocks.ru/2018/01/21/https-explanation/
"Будьте специалистом в чем-то одном, а не посредственностью во всем",https://techrocks.ru/2018/01/19/good-at-one-thing-not-average-at-everything/
Open Source проекты в резюме: 5 причин писать открытый код,https://techrocks.ru/2018/01/17/open-source-projects/
6 лучших книг о Linux для глубокого понимания системы,https://techrocks.ru/2018/01/16/best-books-on-linux/
Когда написание кода – лишняя трата времени,https://techrocks.ru/2018/01/15/when-writing-code-is-a-waste-of-time/
5 принципов хорошего кода для начинающих программистов,https://techrocks.ru/2018/01/14/5-good-code-principles/
"7 книг, которые помогут каждому тестировщику",https://techrocks.ru/2018/01/13/book-list-for-software-testers/
Что должен знать программист без профильного образования,https://techrocks.ru/2018/01/12/subject-to-learn-for-programmer/
"11 классных вещей, которые вы можете делать с WordPress",https://techrocks.ru/2018/01/12/11-things-you-can-do-with-wordpress/
10 лучших языков программирования для изучения в 2018 году,https://techrocks.ru/2018/01/11/programming-languages-to-learn-in-2018/
Как помочь вашему текстовому редактору лучше служить вам,https://techrocks.ru/2018/01/11/tips-for-your-text-editor/
Краткая история CSS-in-JS: как мы к этому пришли и куда движемся,https://techrocks.ru/2018/01/07/short-history-of-css-in-js/
10 полезных Git команд для облегчения работы,https://techrocks.ru/2018/01/07/useful-git-tips/
Главные JavaScript-библиотеки для изучения в 2018 году,https://techrocks.ru/2018/01/06/top-javascript-libraries-to-learn-in-2018/
Функция calc() с примерами использования,https://techrocks.ru/2018/01/05/calc-function-use-cases/
12 вопросов с собеседования по Ionic,https://techrocks.ru/2018/01/05/interview-questions-on-ionic/
Взламываем шифры: криптография за 60 минут,https://techrocks.ru/2017/12/30/hacking-ciphers/
Самые важные рекомендации по написанию кода,https://techrocks.ru/2017/12/30/main-coding-guidelines/
"Что же такое виртуальный сервер, и с чем его едят",https://techrocks.ru/2017/12/27/virtual-dedicated-server/
"Лучше поздно, чем никогда. О чём стоит думать разработчику с начала карьеры",https://techrocks.ru/2017/12/25/better-late-than-never/
"Создаем собственный Bitcoin и разбираемся, как он работает",https://techrocks.ru/2017/12/24/bitcoin-how-it-works/
Сравнение фронтенд-фреймворков в реальных условиях,https://techrocks.ru/2017/12/24/front-end-frameworks-comparison/
Сомневающиеся в себе разработчики: достаточно ли вы хороши?,https://techrocks.ru/2017/12/23/tips-for-self-doubting-developers/
Как научиться решать алгоритмические задачи?,https://techrocks.ru/2017/12/19/how-to-solve-algorithmic-tasks/
Почему разработчикам стоит писать технические статьи и как это делать,https://techrocks.ru/2017/12/19/technical-articles-writing/
6 справочных сайтов для изучения веб-разработки в 2018 году,https://techrocks.ru/2017/12/18/6-web-development-reference-sites/
"Я хочу научиться программировать, но не знаю, с чего начать",https://techrocks.ru/2017/12/17/how-to-start-learn-code/
Советы по прохождению технического собеседования от обычного интервьюера,https://techrocks.ru/2017/12/15/tech-interview-tips/
Инструкция: как обменять и где купить биткоины,https://techrocks.ru/2017/12/14/how-to-buy-and-exchange-bitcoins/
Как успешно научиться программировать,https://techrocks.ru/2017/12/14/how-to-learn-programming/
5 тенденций в программировании для 2018 года,https://techrocks.ru/2017/12/10/programming-trends-2018/
Лучшие альтернативы Photoshop для Linux,https://techrocks.ru/2017/12/10/best-photoshop-alternatives-for-linux/
ТОП-5 РНР-фреймворков 2017 года,https://techrocks.ru/2017/12/09/top-5-php-frameworks-list/
"Три урока, которые я усвоил, будучи профессиональным веб-разработчиком",https://techrocks.ru/2017/12/08/web-developer-lessons-to-learn/
Паттерны ООП простыми словами: паттерны поведения,https://techrocks.ru/2017/12/06/behavioral-design-patterns/
"5 фреймворков Node.js, которые будут популярны в 2018 году",https://techrocks.ru/2017/12/05/5-popular-node-js-frameworks/
Хотите получать новости первым?,https://techrocks.ru/2017/12/05/how-to-rid-off-websites-notifications/
Почему раз в год я беру тайм-аут и устраиваю себе «неделю раздумий»,https://techrocks.ru/2017/11/29/week-time-out-once-a-year/
Подборка бесплатных кроссплатформенных сред для веб-разработки,https://techrocks.ru/2017/11/28/free-text-editors-and-ide/
Нужны ли технические собеседования при найме разработчиков?,https://techrocks.ru/2017/11/28/technical-interview-uselessness/
Каково это — быть младшим разработчиком?,https://techrocks.ru/2017/11/27/how-it-feels-being-junior-developer/
"70 вопросов, которые следует задать в конце собеседования",https://techrocks.ru/2017/11/25/70-questions-to-ask-in-job-interview/
Я получил место разработчика в Facebook. Вот как я готовился к интервью.,https://techrocks.ru/2017/11/24/job-interview-preparation/
35 лучших сайтов для самообразования,https://techrocks.ru/2017/11/23/best-self-educational-websites/
Топ-5 вопросов по AngularJS на собеседованиях,https://techrocks.ru/2017/11/23/angularjs-questions-in-job-interview/
Лучшие хакерские ресурсы: ТОП-10 YouTube каналов,https://techrocks.ru/2017/11/21/top-hacker-resources/
6 шагов для улучшения производительности вашего веб-приложения,https://techrocks.ru/2017/11/20/6-ways-to-improve-web-app-performance/
5 онлайн-сервисов для тестирования разработчика,https://techrocks.ru/2017/11/19/online-testing-services-for-developers/
15 прекрасных компонентов React,https://techrocks.ru/2017/11/17/15-react-components/
Современное оформление форм с использованием CSS,https://techrocks.ru/2017/11/16/modern-css-form-styling/
Как самостоятельно обучиться программированию?,https://techrocks.ru/2017/11/15/self-learn-programming/
"Метод изучения математики, который применяют в Оксфорде",https://techrocks.ru/2017/11/14/mathematics-and-storytelling-method/
Пособие для программистов: как правильно задавать вопросы,https://techrocks.ru/2017/11/12/asking-questions-tutorial/
9 бесплатных наборов иконок для веб-разработчиков,https://techrocks.ru/2017/11/12/free-icon-sets-for-developers/
Подборка интересных каналов в Telegram про околоdigital,https://techrocks.ru/2017/11/11/interesting-telegram-channels-on-digital/
Как за 15 минут построить на React приложение с аутентификацией пользователя,https://techrocks.ru/2017/11/11/react-app-with-user-authentication/
Какие языки программирования для чего нужны?,https://techrocks.ru/2017/11/10/programming-languages-purposes/
Ответы на 12 распространенных вопросов о JavaScript,https://techrocks.ru/2017/11/10/12-common-javascript-questions-and-answers/
Жизнь подводных кабелей в океане,https://techrocks.ru/2017/11/09/submarine-communications-cables/
Java-разработчик. Мифы и правда.,https://techrocks.ru/2017/11/09/java-developer-exploding-myths/
5 популярных криптовалют без учета биткоина,https://techrocks.ru/2017/11/08/5-popular-cryptocurrencies/
Как выбрать лучший фреймворк для фронтенда?,https://techrocks.ru/2017/11/08/how-to-choose-best-front-end-framework/
Знакомство с CSS Grid Layout,https://techrocks.ru/2017/11/05/introduction-to-css-grid-layout/
Веб-скрапинг с Python,https://techrocks.ru/2017/11/04/web-scraping-with-python/
Что нового в Angular 4.4?,https://techrocks.ru/2017/11/02/changes-in-angular-4-4/
Что лучше: Ruby on Rails или Node.js?,https://techrocks.ru/2017/10/28/ruby-on-rails-vs-node-js/
Характерные черты отличных разработчиков,https://techrocks.ru/2017/10/27/good-developer-traits/
Переход с Windows на Linux: что нужно знать,https://techrocks.ru/2017/10/25/switching-from-windows-to-linux/
"Лучшие практики (S)CSS, о которых вы еще не знали",https://techrocks.ru/2017/10/22/css-best-practices/
"Присоединяйтесь к нашему стартапу, мы урежем ваш заработок на 40%!",https://techrocks.ru/2017/10/21/startups-pay-less/
"Где выгоднее учиться IT-специальностям: в Москве, в Минске или онлайн?",https://techrocks.ru/2017/10/20/study-it-minsk-or-moscow/
Почему не стоит писать чистый код?,https://techrocks.ru/2017/10/19/reasons-why-not-write-clean-code/
Революционные цитаты Илона Маска на Мировом Правительственном Саммите в Дубае 2017,https://techrocks.ru/2017/10/18/elon-musk-quotes/
Ключевые цитаты из речи Марка Цукерберга перед выпускниками Гарварда,https://techrocks.ru/2017/10/18/mark-zuckerberg-speech/
"Тим Кук: «Лучше изучать код, а не английский, вместо второго языка»",https://techrocks.ru/2017/10/17/programming-language-vs-english/
Разные стадии карьеры — разные навыки,https://techrocks.ru/2017/10/16/skills-for-your-career/
Виртуальная и дополненная реальности: в чем отличие?,https://techrocks.ru/2017/10/16/virtual-vs-augmented-reality/
Какой язык программирования может заменить PHP?,https://techrocks.ru/2017/10/15/which-language-can-displace-php/
Как научиться читать чужой код,https://techrocks.ru/2017/10/13/improving-code-reading-skills/
Вредные советы веб-разработчикам,https://techrocks.ru/2017/10/09/harmful-tips-web-developers/
Топ-10 блогов о JavaScript для улучшения навыков написания кода,https://techrocks.ru/2017/10/08/javascript-blogs/
Как построить простой Telegram-бот на Node.js,https://techrocks.ru/2017/10/07/how-to-build-a-simple-telegram-bot-on-node-js/
"От программирования к менеджменту, от менеджмента к лидерству",https://techrocks.ru/2017/10/06/from-programming-to-management-from-management-to-leadership/
5 лучших стратегий для получения вашей первой работы программиста,https://techrocks.ru/2017/10/05/5-best-strategies-for-getting-your-first-job-as-a-programmer/
ECMAScript и JavaScript — одно и то же? История ES и важнейшие изменения.,https://techrocks.ru/2017/10/04/ecmascript-%d0%b8-javascript/
"10 причин, по которым Django отлично подходит для стартапов",https://techrocks.ru/2017/10/03/django-startups/
Почему разработчики не могут быть хорошими тестировщиками?,https://techrocks.ru/2017/10/01/why-can-not-developers-be-good-testers/
Django vs. Flask: что лучше для вашего веб-приложения?,https://techrocks.ru/2017/09/29/django-vs-flask-what-is-the-best-for-your-web-application/
10 лучших бесплатных HTML-редакторов,https://techrocks.ru/2017/09/28/10-best-free-html-editors/
Десятка лучших библиотек для программирования на Python,https://techrocks.ru/2017/09/27/top-ten-libraries-for-python-programming/
Дэн Абрамов: что я выучил после почти двух лет работы в Facebook?,https://techrocks.ru/2017/09/26/dan-abramov-what-i-learned-after-almost/
Full Stack Developer: кто это?,https://techrocks.ru/2017/09/24/full-stack-developer-who-is-this/
8 веских причин для изучения Swift,https://techrocks.ru/2017/09/22/8-weight-for-reason-for-learning-swift/
Подборка материалов для успешного изучения языка Python,https://techrocks.ru/2017/09/20/python-for-beginners/
"5 навыков, которые должны быть у каждого разработчика",https://techrocks.ru/2017/09/19/5-skills-which-must-be-have-everyone/
Python и другие языки программирования: сходство и отличия,https://techrocks.ru/2017/09/18/python-and-other-programming-languages-similarities-and-differences/
Как сделать рывок в вашей карьере программиста,https://techrocks.ru/2017/09/16/how-to-make-a-breakthrough-in-your-programmer-career/
ТОП-10 самых легких для изучения языков программирования,https://techrocks.ru/2017/09/15/most-easy-languages-programming/
Стать программистом за шесть месяцев: пошаговое руководство,https://techrocks.ru/2017/09/14/become-a-programmer-for-six-months/
Вы хотите учиться на программиста? А стоит ли оно того? Взгляд изнутри.,https://techrocks.ru/2017/09/12/profession-programmer/
Как зарегистрироваться на Upwork и получать заказы,https://techrocks.ru/2017/09/06/how-to-register-for-upwork-and-receive-orders/
Какие навыки разработчиков особенно ценятся на рынке труда?,https://techrocks.ru/2017/09/01/skills-developers/
7 техник Sass для написания хорошего кода,https://techrocks.ru/2017/07/19/sass-techniques/
"10 самых распространенных ошибок, которые совершают разработчики",https://techrocks.ru/2017/07/17/10-dev-mistakes/
"Сотрудница «Google», которая стажировалась в «Apple» и «Facebook», рассказывает, как получить работу мечты в IT",https://techrocks.ru/2017/06/06/dream-work/
Как писать современный JavaScript код,https://techrocks.ru/2017/05/23/modern_js/
Мой самый ценный опыт в карьере разработчика,https://techrocks.ru/2017/05/21/dev-experience/
Программирование – дело непростое. Именно поэтому вы должны учиться это делать.,https://techrocks.ru/2017/05/14/programming-is-hard/
"Что нужно, чтобы стать экспертом в области компьютерного программирования?",https://techrocks.ru/2017/05/11/expert-programming/
"8 привычек, которые помогут Вам стать лучшим разработчиком",https://techrocks.ru/2017/05/10/8-programmer-habbits/
Изучите любой из этих 16 языков программирования и у вас всегда будет работа,https://techrocks.ru/2017/05/09/popular-programming-languages/
Нетрадиционный метод изучения нового языка программирования,https://techrocks.ru/2017/05/04/learning-new-programming-language/
5 проектов для начинающих фронтенд-разработчиков,https://techrocks.ru/2017/04/26/5-projects-front-end/
"Хорошие комментарии к коду должны пояснять КАК, а не ЧТО Вы сделали. Это и еще 3 правила написания  хороших комментариев.",https://techrocks.ru/2017/04/11/good-comments/
Google Chrome: 5 трюков для опытных пользователей,https://techrocks.ru/2017/02/28/five-tricks-google-chrome/
"7 вещей, о которых стоит подумать перед тем, как установить свои фриланс-рейты",https://techrocks.ru/2017/02/27/7-principov-vystavlenija-rejtov/
Почему обучение — это новая прокрастинация,https://techrocks.ru/2017/02/19/obuchenije-novaya-prokrastinacyja/
10 способов развития карьеры для IT специалиста,https://techrocks.ru/2017/02/17/10-ways-to-improve-career/
"4 функции Gmail, которые вы можете использовать уже сейчас",https://techrocks.ru/2017/02/15/4-gmail-tricks/
Фреймворк для обучения программиста,https://techrocks.ru/2017/01/30/framework-for-programmer/
Не документируйте код. Кодируйте документацию,https://techrocks.ru/2017/01/27/ne-dokumentirujte-kod/
7 уроков дизайна для разработчиков,https://techrocks.ru/2017/01/27/7-urokov-dizajna/
